1000,CDH2,-,CD325|CDHN|CDw325|NCAD,protein-coding,CDH2
10009,ZBTB33,-,ZNF-kaiso|ZNF348,protein-coding,ZBTB33
10013,HDAC6,JM21,HD6,protein-coding,HDAC6
100133941,CD24,-,CD24A,protein-coding,CD24
10049,DNAJB6,-,DJ4|DnaJ|HHDJ1|HSJ-2|HSJ2|MRJ|MSJ-1,protein-coding,DNAJB6
100506658,OCLN,hCG_1988850,BLCPMG,protein-coding,OCLN
1012,CDH13,-,CDHH|P105,protein-coding,CDH13
1027,CDKN1B,-,CDKN4|KIP1|MEN1B|MEN4|P27KIP1,protein-coding,CDKN1B
1029,CDKN2A,-,ARF|CDK4I|CDKN2|CMM2|INK4|INK4A|MLM|MTS-1|MTS1|P14|P14ARF|P16|P16-INK4A|P16INK4|P16INK4A|P19|P19ARF|TP16,protein-coding,CDKN2A
10397,NDRG1,-,CAP43|CMT4D|DRG1|GC4|HMSNL|NDR1|NMSL|PROXY1|RIT42|RTP|TARG1|TDD5,protein-coding,NDRG1
10413,YAP1,-,YAP|YAP2|YAP65|YKI,protein-coding,YAP1
1045,CDX2,-,CDX-3|CDX3,protein-coding,CDX2
10454,TAB1,RP3-407F17.2,3'-Tab1|MAP3K7IP1,protein-coding,TAB1
10516,FBLN5,UNQ184/PRO210,ARMD3|DANCE|EVEC|FIBL-5|UP50,protein-coding,FBLN5
10628,TXNIP,-,EST01027|HHCPA78|THIF|VDUP1,protein-coding,TXNIP
10630,PDPN,CTA-520D8.1,AGGRUS|GP36|GP40|Gp38|HT1A-1|OTS8|PA2.26|T1A|T1A-2,protein-coding,PDPN
10631,POSTN,-,OSF-2|OSF2|PDLPOSTN|PN|RP11-412K4.1|periostin,protein-coding,POSTN
10637,LEFTY1,UNQ278/PRO317,LEFTB|LEFTYB,protein-coding,LEFTY1
10657,KHDRBS1,-,Sam68|p62|p68,protein-coding,KHDRBS1
10855,HPSE,-,HPA|HPA1|HPR1|HPSE1|HSE1,protein-coding,HPSE
11187,PKP3,-,-,protein-coding,PKP3
11279,KLF8,RP13-1021K9.1,BKLF3|ZNF741,protein-coding,KLF8
117581,TWIST2,-,DERMO1|bHLHa39,protein-coding,TWIST2
1191,CLU,AAG4,APO-J|APOJ|CLI|KUB1|NA1/NA2|SGP-2|SGP2|SP-40|TRPM-2|TRPM2,protein-coding,CLU
1295,COL8A1,-,C3orf7,protein-coding,COL8A1
1296,COL8A2,RP4-665N4.3,FECD|FECD1|PPCD|PPCD2,protein-coding,COL8A2
1316,KLF6,RP11-184A2.1,BCD1|CBA1|COPEB|CPBP|GBF|PAC1|ST12|ZF9,protein-coding,KLF6
1364,CLDN4,-,CPE-R|CPER|CPETR|CPETR1|WBSCR8|hCPE-R,protein-coding,CLDN4
142,PARP1,RP11-125A15.2,ADPRT|ADPRT 1|ADPRT1|PARP|PARP-1|PPOL|pADPRT-1,protein-coding,PARP1
1432,MAPK14,RP1-179N16.5,CSBP|CSBP1|CSBP2|CSPB1|EXIP|Mxi2|PRKM14|PRKM15|RK|SAPK2A|p38|p38ALPHA,protein-coding,MAPK14
1445,CSK,-,-,protein-coding,CSK
1460,CSNK2B,DADB-127H9.2,CK2B|CK2N|CSK2B|G5A,protein-coding,CSNK2B
1462,VCAN,-,CSPG2|ERVR|GHAP|PG-M|WGN|WGN1,protein-coding,VCAN
1487,CTBP1,-,BARS,protein-coding,CTBP1
1490,CTGF,-,CCN2|HCS24|IGFBP8|NOV2,protein-coding,CTGF
1499,CTNNB1,OK/SW-cl.35,CTNNB,protein-coding,CTNNB1
1500,CTNND1,-,CAS|CTNND|P120CAS|P120CTN|p120|p120(CAS)|p120(CTN),protein-coding,CTNND1
152007,GLIPR2,RP11-421H8.5,C9orf19|GAPR-1,protein-coding,GLIPR2
152189,CMTM8,-,CKLFSF8|CKLFSF8-V2,protein-coding,CMTM8
1522,CTSZ,-,CTSX,protein-coding,CTSZ
1523,CUX1,-,CASP|CDP|CDP/Cut|CDP1|COY1|CUTL1|CUX|Clox|Cux/CDP|GOLIM6|Nbla10317|p100|p110|p200|p75,protein-coding,CUX1
1601,DAB2,-,DOC-2|DOC2,protein-coding,DAB2
1612,DAPK1,-,DAPK,protein-coding,DAPK1
1655,DDX5,-,G17P1|HLR1|HUMP68|p68,protein-coding,DDX5
1748,DLX4,-,BP1|DLX7|DLX8|DLX9,protein-coding,DLX4
177,AGER,DAMA-358M23.4,RAGE,protein-coding,AGER
182,JAG1,-,AGS|AHD|AWS|CD339|HJ1|JAGL1,protein-coding,JAG1
1839,HBEGF,-,DTR|DTS|DTSF|HEGFL,protein-coding,HBEGF
1894,ECT2,-,ARHGEF31,protein-coding,ECT2
1906,EDN1,-,ET1|HDLCQ7|PPET1,protein-coding,EDN1
1909,EDNRA,-,ET-A|ETA|ETA-R|ETAR|ETRA|hET-AR,protein-coding,EDNRA
1950,EGF,-,HOMG4|URG,protein-coding,EGF
1956,EGFR,-,ERBB|ERBB1|HER1|PIG61|mENA,protein-coding,EGFR
1958,EGR1,-,AT225|G0S30|KROX-24|NGFI-A|TIS8|ZIF-268|ZNF225,protein-coding,EGR1
2001,ELF5,-,ESE2,protein-coding,ELF5
2022,ENG,RP11-228B15.2,CD105|END|HHT1|ORW|ORW1,protein-coding,ENG
2034,EPAS1,-,ECYT4|HIF2A|HLF|MOP2|PASD2|bHLHe73,protein-coding,EPAS1
2056,EPO,-,EP|MVCD2,protein-coding,EPO
2064,ERBB2,-,CD340|HER-2|HER-2/neu|HER2|MLN 19|NEU|NGL|TKR1,protein-coding,ERBB2
207,AKT1,-,AKT|PKB|PKB-ALPHA|PRKBA|RAC|RAC-ALPHA,protein-coding,AKT1
2077,ERF,-,PE-2|PE2,protein-coding,ERF
2099,ESR1,RP1-130E4.1,ER|ESR|ESRA|Era|NR3A1,protein-coding,ESR1
2118,ETV4,-,E1A-F|E1AF|PEA3|PEAS3,protein-coding,ETV4
2146,EZH2,-,ENX-1|ENX1|EZH1|KMT6|KMT6A,protein-coding,EZH2
220001,VWCE,-,URG11|VWC1,protein-coding,VWCE
2246,FGF1,-,AFGF|ECGF|ECGF-beta|ECGFA|ECGFB|FGF-alpha|FGFA|GLIO703|HBGF1,protein-coding,FGF1
2247,FGF2,-,BFGF|FGFB|HBGF-2,protein-coding,FGF2
2260,FGFR1,-,BFGFR|CD331|CEK|FGFBR|FGFR-1|FLG|FLT-2|FLT2|HBGFR|KAL2|N-SAM|OGD|bFGF-R-1,protein-coding,FGFR1
2263,FGFR2,-,BEK|BFR-1|CD332|CEK3|CFD1|ECT1|JWS|K-SAM|KGFR|TK14|TK25,protein-coding,FGFR2
2274,FHL2,-,AAG11|DRAL|FHL-2|SLIM-3|SLIM3,protein-coding,FHL2
22822,PHLDA1,-,DT1P1B11|PHRIP|TDAG51,protein-coding,PHLDA1
22938,SNW1,-,Bx42|NCOA-62|PRPF45|Prp45|SKIIP|SKIP,protein-coding,SNW1
2296,FOXC1,-,ARA|FKHL7|FREAC-3|FREAC3|IGDA|IHG1|IRID1|RIEG3,protein-coding,FOXC1
2305,FOXM1,-,FKHL16|FOXM1B|HFH-11|HFH11|HNF-3|INS-1|MPHOSPH2|MPP-2|MPP2|PIG29|TGT3|TRIDENT,protein-coding,FOXM1
23129,PLXND1,-,PLEXD1,protein-coding,PLXND1
2321,FLT1,-,FLT|VEGFR1,protein-coding,FLT1
23246,BOP1,-,-,protein-coding,BOP1
2335,FN1,-,CIG|ED-B|FINC|FN|FNZ|GFND|GFND2|LETS|MSF,protein-coding,FN1
23385,NCSTN,RP11-517F10.1,APH2,protein-coding,NCSTN
23513,SCRIB,-,CRIB1|SCRB1|SCRIB1|Vartul,protein-coding,SCRIB
2475,MTOR,-,FRAP|FRAP1|FRAP2|RAFT1|RAPT1,protein-coding,MTOR
25794,FSCN2,-,RFSN|RP30,protein-coding,FSCN2
25800,SLC39A6,-,LIV-1,protein-coding,SLC39A6
25875,LETMD1,-,1110019O13Rik|HCCR-1|HCCR-2|HCCR1|HCRR-2,protein-coding,LETMD1
25937,WWTR1,-,TAZ,protein-coding,WWTR1
2625,GATA3,-,HDR|HDRS,protein-coding,GATA3
26585,GREM1,PIG2,CKTSF1B1|DAND2|DRM|GREMLIN|IHG-2,protein-coding,GREM1
269,AMHR2,-,AMHR|MISR2|MISRII|MRII,protein-coding,AMHR2
27076,LYPD3,UNQ491/PRO1007,C4.4A,protein-coding,LYPD3
2745,GLRX,-,GRX|GRX1,protein-coding,GLRX
284217,LAMA1,-,LAMA|S-LAM-alpha,protein-coding,LAMA1
28984,C13orf15,-,RGC-32|RGC32|bA157L14.2,protein-coding,C13orf15
290,ANPEP,-,APN|CD13|GP150|LAP1|P150|PEPN,protein-coding,ANPEP
2902,GRIN1,RP11-350O14.1,MRD8|NMDA1|NMDAR1|NR1,protein-coding,GRIN1
29126,CD274,-,B7-H|B7H1|PD-L1|PDCD1L1|PDCD1LG1|PDL1,protein-coding,CD274
2931,GSK3A,-,-,protein-coding,GSK3A
2932,GSK3B,-,-,protein-coding,GSK3B
2934,GSN,RP11-477J21.1,ADF|AGEL,protein-coding,GSN
301,ANXA1,RP11-71A24.1,ANX1|LPC1,protein-coding,ANXA1
3037,HAS2,-,-,protein-coding,HAS2
3068,HDGF,RP11-66D17.10-003,HMG1L2,protein-coding,HDGF
3082,HGF,-,DFNB39|F-TCF|HGFB|HPTA|SF,protein-coding,HGF
3091,HIF1A,-,HIF-1alpha|HIF1|HIF1-ALPHA|MOP1|PASD8|bHLHe78,protein-coding,HIF1A
3146,HMGB1,RP11-550P23.1,HMG1|HMG3|SBP-1,protein-coding,HMGB1
3149,HMGB3,-,HMG-2a|HMG-4|HMG2A|HMG4,protein-coding,HMGB3
3162,HMOX1,CTA-286B10.6,HO-1|HSP32|bK286B10,protein-coding,HMOX1
3169,FOXA1,-,HNF3A|TCF3A,protein-coding,FOXA1
3172,HNF4A,RP5-1013A22.1,HNF4|HNF4a7|HNF4a8|HNF4a9|HNF4alpha|MODY|MODY1|NR2A1|NR2A21|TCF|TCF14,protein-coding,HNF4A
3206,HOXA10,-,HOX1|HOX1.8|HOX1H|PL,protein-coding,HOXA10
3217,HOXB7,-,HHO.C1|HOX2|HOX2C|Hox-2.3,protein-coding,HOXB7
3219,HOXB9,-,HOX-2.5|HOX2|HOX2E,protein-coding,HOXB9
3248,HPGD,-,15-PGDH|PGDH|PGDH1|SDR36C1,protein-coding,HPGD
3265,HRAS,-,C-BAS/HAS|C-H-RAS|C-HA-RAS1|CTLO|H-RASIDX|HAMSV|HRAS1|K-RAS|N-RAS|RASH1,protein-coding,HRAS
329,BIRC2,-,API1|HIAP2|Hiap-2|MIHB|RNF48|c-IAP1|cIAP1,protein-coding,BIRC2
3308,HSPA4,-,APG-2|HS24/P52|HSPH2|RY|hsp70|hsp70RY,protein-coding,HSPA4
3315,HSPB1,-,CMT2F|HMN2B|HS.76067|HSP27|HSP28|Hsp25|SRP27,protein-coding,HSPB1
3316,HSPB2,-,HSP27|Hs.78846|LOH11CR1K|MKBP,protein-coding,HSPB2
3320,HSP90AA1,-,HSP86|HSP89A|HSP90A|HSP90N|HSPC1|HSPCA|HSPCAL1|HSPCAL4|HSPN|Hsp89|Hsp90|LAP2,protein-coding,HSP90AA1
3371,TNC,-,150-225|GMEM|GP|HXB|JI|TN|TN-C,protein-coding,TNC
3397,ID1,-,ID|bHLHb24,protein-coding,ID1
3398,ID2,-,GIG8|ID2A|ID2H|bHLHb26,protein-coding,ID2
3417,IDH1,-,IDCD|IDH|IDP|IDPC|PICD,protein-coding,IDH1
3418,IDH2,-,D2HGA2|ICD-M|IDH|IDHM|IDP|IDPM|mNADP-IDH,protein-coding,IDH2
3480,IGF1R,-,CD221|IGFIR|IGFR|JTK13,protein-coding,IGF1R
3486,IGFBP3,tcag7.703,BP-53|IBP3,protein-coding,IGFBP3
3491,CYR61,-,CCN1|GIG1|IGFBP10,protein-coding,CYR61
3553,IL1B,-,IL-1|IL1-BETA|IL1F2,protein-coding,IL1B
3570,IL6R,-,CD126|IL-6R-1|IL-6RA|IL6RA|gp80,protein-coding,IL6R
3606,IL18,-,IGIF|IL-18|IL-1g|IL1F4,protein-coding,IL18
3611,ILK,-,ILK-2|P59,protein-coding,ILK
3655,ITGA6,-,CD49f|ITGA6B|VLA-6,protein-coding,ITGA6
367,AR,RP11-383C12.1,AIS|DHTR|HUMARA|HYSP1|KD|NR3C4|SBMA|SMAX1|TFM,protein-coding,AR
3678,ITGA5,-,CD49e|FNRA|VLA5A,protein-coding,ITGA5
3688,ITGB1,RP11-479G22.2,CD29|FNRB|GPIIA|MDF2|MSK12|VLA-BETA|VLAB,protein-coding,ITGB1
3690,ITGB3,-,BDPLT2|CD61|GP3A|GPIIIa|GT,protein-coding,ITGB3
3691,ITGB4,-,CD104,protein-coding,ITGB4
3714,JAG2,-,HJ2|SER2,protein-coding,JAG2
3717,JAK2,-,JTK10,protein-coding,JAK2
3756,KCNH1,-,EAG|EAG1|Kv10.1|h-eag,protein-coding,KCNH1
3815,KIT,-,C-Kit|CD117|PBT|SCFR,protein-coding,KIT
3845,KRAS,-,C-K-RAS|K-RAS2A|K-RAS2B|K-RAS4A|K-RAS4B|KI-RAS|KRAS1|KRAS2|NS|NS3|RASK2,protein-coding,KRAS
387,RHOA,-,ARH12|ARHA|RHO12|RHOH12,protein-coding,RHOA
3880,KRT19,-,CK19|K19|K1CS,protein-coding,KRT19
3897,L1CAM,-,CAML1|CD171|HSAS|HSAS1|MASA|MIC5|N-CAM-L1|N-CAML1|NCAM-L1|S10|SPG1,protein-coding,L1CAM
3911,LAMA5,RP11-157P1.6,-,protein-coding,LAMA5
3934,LCN2,RP11-395P17.6,24p3|MSFI|NGAL,protein-coding,LCN2
3952,LEP,-,OB|OBS,protein-coding,LEP
3987,LIMS1,-,PINCH|PINCH-1|PINCH1,protein-coding,LIMS1
4015,LOX,-,-,protein-coding,LOX
4017,LOXL2,-,LOR2|WS9-14,protein-coding,LOXL2
4040,LRP6,-,ADCAD2,protein-coding,LRP6
406907,MIR124-1,-,MIR124A|MIR124A1|MIRN124-1|MIRN124A1,miscRNA,MIR124-1
406928,MIR137,-,MIRN137,miscRNA,MIR137
406941,MIR149,-,MIRN149,miscRNA,MIR149
406949,MIR15B,-,MIRN15B|hsa-mir-15b|miR-15b,miscRNA,MIR15B
406968,MIR193A,-,MIRN193|MIRN193A,miscRNA,MIR193A
406969,MIR194-1,-,MIRN194-1,miscRNA,MIR194-1
406983,MIR200A,-,MIRN200A,miscRNA,MIR200A
406984,MIR200B,-,MIRN200B,miscRNA,MIR200B
406985,MIR200C,-,MIRN200C,miscRNA,MIR200C
406988,MIR205,-,MIRN205,miscRNA,MIR205
406991,MIR21,-,MIRN21|hsa-mir-21|miR-21|miRNA21,miscRNA,MIR21
407006,MIR221,-,MIRN221|miRNA221|mir-221,miscRNA,MIR221
407007,MIR222,-,MIRN222|miRNA222|mir-222,miscRNA,MIR222
407010,MIR23A,-,MIRN23A|hsa-mir-23a|miRNA23A,miscRNA,MIR23A
407029,MIR30A,-,MIRN30A,miscRNA,MIR30A
407039,MIR33A,-,MIR33|MIRN33|MIRN33A|hsa-mir-33|hsa-mir-33a|miR-33|miRNA33A,miscRNA,MIR33A
407040,MIR34A,-,MIRN34A|miRNA34A|mir-34,miscRNA,MIR34A
407042,MIR34C,-,MIRN34C|miRNA34C,miscRNA,MIR34C
407046,MIR9-1,-,MIRN9-1|hsa-mir-9-1|miRNA9-1,miscRNA,MIR9-1
4072,EPCAM,-,DIAR5|EGP-2|EGP314|EGP40|ESA|HNPCC8|KS1/4|KSA|M4S1|MIC18|MK-1|TACSTD1|TROP1,protein-coding,EPCAM
4087,SMAD2,-,JV18|JV18-1|MADH2|MADR2|hMAD-2|hSMAD2,protein-coding,SMAD2
4088,SMAD3,-,HSPC193|HsT17436|JV15-2|LDS1C|MADH3,protein-coding,SMAD3
4089,SMAD4,-,DPC4|JIP|MADH4,protein-coding,SMAD4
4092,SMAD7,-,CRCS3|MADH7|MADH8,protein-coding,SMAD7
4093,SMAD9,RP11-421P11.9,MADH6|MADH9|SMAD8|SMAD8A|SMAD8B,protein-coding,SMAD9
4162,MCAM,-,CD146|MUC18,protein-coding,MCAM
4192,MDK,-,MK|NEGF2,protein-coding,MDK
4215,MAP3K3,-,MAPKKK3|MEKK3,protein-coding,MAP3K3
4216,MAP3K4,RP3-473J16.4,MAPKKK4|MEKK4|MTK1|PRO0412,protein-coding,MAP3K4
4233,MET,-,AUTS9|HGFR|RCCP2|c-Met,protein-coding,MET
4248,MGAT3,RP5-1104E15.2,GNT-III|GNT3,protein-coding,MGAT3
4313,MMP2,-,CLG4|CLG4A|MMP-II|MONA|TBE-1,protein-coding,MMP2
4314,MMP3,-,CHDS6|MMP-3|SL-1|STMY|STMY1|STR1,protein-coding,MMP3
4316,MMP7,-,MMP-7|MPSL1|PUMP-1,protein-coding,MMP7
4318,MMP9,-,CLG4B|GELB|MANDP2|MMP-9,protein-coding,MMP9
4322,MMP13,-,CLG3|MANDP1,protein-coding,MMP13
4323,MMP14,-,1|MMP-14|MMP-X1|MT-MMP|MT-MMP 1|MT1-MMP|MT1MMP|MTMMP1,protein-coding,MMP14
4478,MSN,-,-,protein-coding,MSN
4486,MST1R,-,CD136|CDw136|PTK8|RON,protein-coding,MST1R
4488,MSX2,-,CRS2|FPP|HOX8|MSH|PFM|PFM1,protein-coding,MSX2
4582,MUC1,RP11-263K19.2,CD227|EMA|H23AG|KL-6|MAM6|MUC-1|MUC-1/SEC|MUC-1/X|MUC1/ZD|PEM|PEMT|PUM,protein-coding,MUC1
4583,MUC2,-,MLP|MUC-2|SMUC,protein-coding,MUC2
4585,MUC4,-,ASGP|HSA276359|MUC-4,protein-coding,MUC4
4609,MYC,-,MRTL|bHLHe39|c-Myc,protein-coding,MYC
4613,MYCN,-,MODED|N-myc|NMYC|ODED|bHLHe37,protein-coding,MYCN
472,ATM,-,AT1|ATA|ATC|ATD|ATDC|ATE|TEL1|TELO1,protein-coding,ATM
4763,NF1,-,NFNS|VRNF|WSS,protein-coding,NF1
4782,NFIC,-,CTF|CTF5|NF-I|NFI,protein-coding,NFIC
4790,NFKB1,-,EBP-1|KBF1|NF-kappa-B|NF-kappaB|NFKB-p105|NFKB-p50|NFkappaB|p105|p50,protein-coding,NFKB1
4851,NOTCH1,-,TAN1|hN1,protein-coding,NOTCH1
4853,NOTCH2,-,AGS2|HJCYS|hN2,protein-coding,NOTCH2
4904,YBX1,-,BP-8|CSDA2|CSDB|DBPB|MDR-NF1|NSEP-1|NSEP1|YB-1|YB1,protein-coding,YBX1
4920,ROR2,RP11-8I8.2,BDB|BDB1|NTRKR2,protein-coding,ROR2
4921,DDR2,RP11-572K18.1,MIG20a|NTRKR3|TKT|TYRO10,protein-coding,DDR2
5052,PRDX1,-,MSP23|NKEFA|PAG|PAGA|PAGB|PRX1|PRXI|TDPX2,protein-coding,PRDX1
5058,PAK1,-,PAKalpha,protein-coding,PAK1
5076,PAX2,RP11-179B2.1,-,protein-coding,PAX2
51053,GMNN,-,Gem,protein-coding,GMNN
5110,PCMT1,-,PIMT,protein-coding,PCMT1
51176,LEF1,-,LEF-1|TCF10|TCF1ALPHA|TCF7L3,protein-coding,LEF1
5141,PDE4A,-,DPDE2|PDE4|PDE46,protein-coding,PDE4A
51474,LIMA1,PP624,EPLIN|SREBP3,protein-coding,LIMA1
5155,PDGFB,-,PDGF2|SIS|SSV|c-sis,protein-coding,PDGFB
5290,PIK3CA,-,PI3K|p110-alpha,protein-coding,PIK3CA
5300,PIN1,-,DOD|UBL5,protein-coding,PIN1
5329,PLAUR,-,CD87|U-PAR|UPAR|URKR,protein-coding,PLAUR
5460,POU5F1,DADB-104B20.2,OCT3|OCT4|OTF-3|OTF3|OTF4|Oct-3|Oct-4,protein-coding,POU5F1
5468,PPARG,-,CIMT1|GLM1|NR1C3|PPARG1|PPARG2|PPARgamma,protein-coding,PPARG
54778,RNF111,-,ARK,protein-coding,RNF111
54810,GIPC2,-,SEMCAP-2|SEMCAP2,protein-coding,GIPC2
54845,ESRP1,-,RBM35A|RMB35A,protein-coding,ESRP1
54910,SEMA4C,UNQ5855/PRO34487,M-SEMA-F|SEMACL1|SEMAF|SEMAI,protein-coding,SEMA4C
554210,MIR429,-,MIRN429|hsa-mir-429,miscRNA,MIR429
5578,PRKCA,-,AAG6|PKC-alpha|PKCA|PRKACA,protein-coding,PRKCA
558,AXL,-,JTK11|UFO,protein-coding,AXL
5581,PRKCE,-,PKCE|nPKC-epsilon,protein-coding,PRKCE
55818,KDM3A,-,JHDM2A|JHMD2A|JMJD1|JMJD1A|TSGA,protein-coding,KDM3A
55824,PAG1,-,CBP|PAG,protein-coding,PAG1
55914,ERBB2IP,-,ERBIN|LAP2,protein-coding,ERBB2IP
5594,MAPK1,-,ERK|ERK2|ERT1|MAPK2|P42MAPK|PRKM1|PRKM2|p38|p40|p41|p41mapk,protein-coding,MAPK1
5595,MAPK3,-,ERK-1|ERK1|ERT2|HS44KDAP|HUMKER1A|P44ERK1|P44MAPK|PRKM3|p44-ERK1|p44-MAPK,protein-coding,MAPK3
5598,MAPK7,-,BMK1|ERK4|ERK5|PRKM7,protein-coding,MAPK7
5599,MAPK8,-,JNK|JNK-46|JNK1|JNK1A2|JNK21B1/2|PRKM8|SAPK1|SAPK1c,protein-coding,MAPK8
5604,MAP2K1,-,MAPKK1|MEK1|MKK1|PRKMK1,protein-coding,MAP2K1
56288,PARD3,RP11-406D17.1,ASIP|Baz|Bazooka|PAR3|PAR3alpha|PARD3A|SE2-5L16|SE2-5LT1|SE2-5T2,protein-coding,PARD3
5652,PRSS8,-,CAP1|PROSTASIN,protein-coding,PRSS8
5653,KLK6,-,Bssp|Klk7|PRSS18|PRSS9|SP59|hK6,protein-coding,KLK6
56648,EIF5A2,-,EIF-5A2|eIF5AII,protein-coding,EIF5A2
56649,TMPRSS4,UNQ776/PRO1570,CAPH2|MT-SP2|TMPRSS3,protein-coding,TMPRSS4
56998,CTNNBIP1,RP11-84A14.1,ICAT,protein-coding,CTNNBIP1
57057,TBX20,-,ASD4,protein-coding,TBX20
57118,CAMK1D,RP11-462F15.1,CKLiK|CaM-K1|CaMKID,protein-coding,CAMK1D
5728,PTEN,-,10q23del|BZS|DEC|GLM2|MHAM|MMAC1|PTEN1|TEP1,protein-coding,PTEN
5743,PTGS2,-,COX-2|COX2|GRIPGHS|PGG/HS|PGHS-2|PHS-2|hCox-2,protein-coding,PTGS2
5744,PTHLH,-,BDE2|HHM|PLP|PTHR|PTHRP,protein-coding,PTHLH
5747,PTK2,-,FADK|FAK|FAK1|FRNK|PPP1R71|pp125FAK,protein-coding,PTK2
57496,MKL2,-,MRTF-B|NPD001,protein-coding,MKL2
57504,MTA3,hCG_1783907,-,protein-coding,MTA3
57591,MKL1,RP5-1042K10.11-009,BSAC|MAL|MRTF-A,protein-coding,MKL1
5764,PTN,-,HARP|HBGF8|HBNF|NEGF1,protein-coding,PTN
57669,EPB41L5,-,BE37|YMO1,protein-coding,EPB41L5
5784,PTPN14,RP11-176D17.1,PEZ|PTP36,protein-coding,PTPN14
5803,PTPRZ1,-,HPTPZ|HPTPzeta|PTP-ZETA|PTP18|PTPRZ|PTPZ|RPTPB|RPTPbeta|phosphacan,protein-coding,PTPRZ1
58191,CXCL16,UNQ2759/PRO6714,CXCLG16|SR-PSOX|SRPSOX,protein-coding,CXCL16
5879,RAC1,MIG5,Rac-1|TC-25|p21-Rac1,protein-coding,RAC1
5894,RAF1,-,CRAF|NS5|Raf-1|c-Raf,protein-coding,RAF1
596,BCL2,-,Bcl-2|PPP1R50,protein-coding,BCL2
5962,RDX,-,DFNB24,protein-coding,RDX
598,BCL2L1,RP5-857M17.3,BCL-XL/S|BCL2L|BCLX|BCLXL|BCLXS|Bcl-X|PPP1R52|bcl-xL|bcl-xS,protein-coding,BCL2L1
5998,RGS3,RP11-168K11.4,C2PA|PDZ-RGS3|RGP3,protein-coding,RGS3
6093,ROCK1,-,P160ROCK|ROCK-I,protein-coding,ROCK1
6275,S100A4,-,18A2|42A|CAPL|FSP1|MTS1|P9KA|PEL98,protein-coding,S100A4
6374,CXCL5,-,ENA-78|SCYB5,protein-coding,CXCL5
6382,SDC1,-,CD138|SDC|SYND1|syndecan,protein-coding,SDC1
6383,SDC2,-,CD362|HSPG|HSPG1|SYND2,protein-coding,SDC2
6387,CXCL12,-,IRH|PBSF|SCYB12|SDF1|SDF1A|SDF1B|TLSF|TPAR1,protein-coding,CXCL12
6440,SFTPC,-,PSP-C|SFTP2|SMDP2|SP-C,protein-coding,SFTPC
6469,SHH,-,HHG1|HLP3|HPE3|MCOPCB5|SMMCI|TPT|TPTPS,protein-coding,SHH
648,BMI1,RP11-573G6.1,FLVI2/BMI1|PCGF4|RNF51,protein-coding,BMI1
6493,SIM2,-,HMC13F06|HMC29C01|SIM|bHLHe15,protein-coding,SIM2
6495,SIX1,-,BOS3|DFNA23|TIP39,protein-coding,SIX1
650,BMP2,-,BDA2|BMP2A,protein-coding,BMP2
652,BMP4,-,BMP2B|BMP2B1|MCOPS6|OFC11|ZYME,protein-coding,BMP4
655,BMP7,-,OP-1,protein-coding,BMP7
6591,SNAI2,-,SLUG|SLUGH1|SNAIL2|WS2D,protein-coding,SNAI2
6615,SNAI1,-,SLUGH2|SNA|SNAH|SNAIL|SNAIL1|dJ710H13.1,protein-coding,SNAI1
6624,FSCN1,-,FAN1|HSN|SNL|p55,protein-coding,FSCN1
6651,SON,HSPC310,BASS1|C21orf50|DBP-5|NREBP|SON3,protein-coding,SON
6662,SOX9,-,CMD1|CMPD1|SRA1,protein-coding,SOX9
6667,SP1,-,-,protein-coding,SP1
6696,SPP1,PSEC0156,BNSP|BSPI|ETA-1|OPN,protein-coding,SPP1
6700,SPRR2A,-,-,protein-coding,SPRR2A
6714,SRC,RP5-823N20.1,ASV|SRC1|c-SRC|p60-Src,protein-coding,SRC
6722,SRF,-,MCM1,protein-coding,SRF
673,BRAF,-,B-RAF1|BRAF1|NS7|RAFB1,protein-coding,BRAF
6768,ST14,-,HAI|MT-SP1|MTSP1|PRSS14|SNC19|TADG15|TMPRSS14,protein-coding,ST14
6774,STAT3,-,APRF|HIES,protein-coding,STAT3
6776,STAT5A,-,MGF|STAT5,protein-coding,STAT5A
6777,STAT5B,-,STAT5,protein-coding,STAT5B
6790,AURKA,RP5-1167H4.6,AIK|ARK1|AURA|AURORA2|BTAK|PPP1R47|STK15|STK6|STK7,protein-coding,AURKA
6794,STK11,-,LKB1|PJS|hLKB1,protein-coding,STK11
6868,ADAM17,-,ADAM18|CD156B|CSVP|NISBD|TACE,protein-coding,ADAM17
6885,MAP3K7,RP1-154G14.1,MEKK7|TAK1|TGF1a,protein-coding,MAP3K7
6909,TBX2,-,-,protein-coding,TBX2
6925,TCF4,-,E2-2|ITF-2|ITF2|PTHS|SEF-2|SEF2|SEF2-1|SEF2-1A|SEF2-1B|TCF-4|bHLHb19,protein-coding,TCF4
6926,TBX3,-,TBX3-ISO|UMS|XHL,protein-coding,TBX3
6929,TCF3,-,E2A|E47|ITF1|TCF-3|VDIR|bHLHb21,protein-coding,TCF3
6932,TCF7,-,TCF-1,protein-coding,TCF7
6935,ZEB1,RP11-472N13.4,AREB6|BZP|DELTAEF1|FECD6|NIL2A|PPCD3|TCF8|ZFHEP|ZFHX1A,protein-coding,ZEB1
6943,TCF21,-,POD1|bHLHa23,protein-coding,TCF21
6997,TDGF1,-,CR|CRGF|CRIPTO,protein-coding,TDGF1
7003,TEAD1,-,AA|NTEF-1|REF1|TCF-13|TCF13|TEAD-1|TEF-1,protein-coding,TEAD1
7024,TFCP2,-,LBP1C|LSF|LSF1D|SEF|TFCP2C,protein-coding,TFCP2
7039,TGFA,-,TFGA,protein-coding,TGFA
7040,TGFB1,-,CED|DPD1|LAP|TGFB|TGFbeta,protein-coding,TGFB1
7041,TGFB1I1,-,ARA55|HIC-5|HIC5|TSC-5,protein-coding,TGFB1I1
7042,TGFB2,-,TGF-beta2,protein-coding,TGFB2
7043,TGFB3,-,ARVD|TGF-beta3,protein-coding,TGFB3
7046,TGFBR1,RP11-96L7.1,AAT5|ACVRLK4|ALK-5|ALK5|LDS1A|LDS2A|MSSE|SKR4|TGFR-1,protein-coding,TGFBR1
7049,TGFBR3,-,BGCAN|betaglycan,protein-coding,TGFBR3
7052,TGM2,RP5-1054A22.2,G-ALPHA-h|GNAH|TG2|TGC,protein-coding,TGM2
7056,THBD,-,AHUS6|BDCA3|CD141|THRM|TM,protein-coding,THBD
7074,TIAM1,-,-,protein-coding,TIAM1
7076,TIMP1,RP1-230G1.3,CLGI|EPA|EPO|HCI|TIMP,protein-coding,TIMP1
7124,TNF,DADB-70P7.1,DIF|TNF-alpha|TNFA|TNFSF2,protein-coding,TNF
7157,TP53,-,LFS1|P53|TRP53,protein-coding,TP53
7161,TP73,-,P73,protein-coding,TP73
7227,TRPS1,-,GC79|LGCR,protein-coding,TRPS1
7291,TWIST1,-,ACS3|BPES2|BPES3|CRS1|SCS|TWIST|bHLHa38,protein-coding,TWIST1
7421,VDR,-,NR1I1,protein-coding,VDR
7422,VEGFA,RP1-261G23.1,MVCD1|VEGF|VPF,protein-coding,VEGFA
7430,EZR,-,CVIL|CVL|VIL2,protein-coding,EZR
7431,VIM,RP11-124N14.1,-,protein-coding,VIM
7447,VSNL1,-,HLP3|HPCAL3|HUVISL1|VILIP|VILIP-1,protein-coding,VSNL1
7448,VTN,-,V75|VN|VNT,protein-coding,VTN
7471,WNT1,-,INT1,protein-coding,WNT1
7474,WNT5A,-,hWNT5A,protein-coding,WNT5A
7475,WNT6,-,-,protein-coding,WNT6
7490,WT1,-,AWT1|EWS-WT1|GUD|NPHS4|WAGR|WIT-2|WT33,protein-coding,WT1
7528,YY1,-,DELTA|INO80S|NF-E1|UCRBP|YIN-YANG-1,protein-coding,YY1
7534,YWHAZ,-,14-3-3-zeta|KCIP-1|YWHAD,protein-coding,YWHAZ
7764,ZNF217,RP4-724E16.3,ZABC1,protein-coding,ZNF217
7791,ZYX,-,ESP-2|HED-2,protein-coding,ZYX
7852,CXCR4,-,CD184|D2S201E|FB22|HM89|HSY3RR|LAP3|LCR1|LESTR|NPY3R|NPYR|NPYRL|NPYY3R|WHIM,protein-coding,CXCR4
80004,ESRP2,PP7059,RBM35B,protein-coding,ESRP2
80237,ELL3,-,-,protein-coding,ELL3
8061,FOSL1,-,FRA|FRA1|fra-1,protein-coding,FOSL1
8091,HMGA2,-,BABL|HMGI-C|HMGIC|LIPO|STQTL9,protein-coding,HMGA2
8312,AXIN1,LA16c-314G4.3,AXIN|PPP1R49,protein-coding,AXIN1
8313,AXIN2,-,AXIL,protein-coding,AXIN2
84695,LOXL3,-,LOXL,protein-coding,LOXL3
8482,SEMA7A,-,CD108|CDw108|H-SEMA-K1|H-Sema-L|JMH|SEMAK1|SEMAL,protein-coding,SEMA7A
8487,GEMIN2,-,SIP1|SIP1-delta,protein-coding,GEMIN2
857,CAV1,-,BSCL3|CGL3|MSTP085|VIP21,protein-coding,CAV1
8626,TP63,-,AIS|B(p51A)|B(p51B)|EEC3|KET|LMS|NBP|OFC8|RHS|SHFM4|TP53CP|TP53L|TP73L|p40|p51|p53CP|p63|p73H|p73L,protein-coding,TP63
864,RUNX3,RP3-398I9.1,AML2|CBFA3|PEBP2aC,protein-coding,RUNX3
8650,NUMB,-,C14orf41|S171,protein-coding,NUMB
8668,EIF3I,RP4-675E8.1,EIF3S2|PRO2242|TRIP-1|TRIP1|eIF3-beta|eIF3-p36,protein-coding,EIF3I
873,CBR1,-,CBR|SDR21C1|hCBR1,protein-coding,CBR1
8828,NRP2,-,NP2|NPN2|PRO2714|VEGF165R2,protein-coding,NRP2
8838,WISP3,RP1-142L7.3,CCN6|LIBC|PPAC|PPD,protein-coding,WISP3
8839,WISP2,RP11-445H22.2,CCN5|CT58|CTGF-L,protein-coding,WISP2
8842,PROM1,MSTP061,AC133|CD133|CORD12|MCDR2|PROML1|RP41|STGD4,protein-coding,PROM1
89780,WNT3A,-,-,protein-coding,WNT3A
90,ACVR1,-,ACTRI|ACVR1A|ACVRLK2|ALK2|FOP|SKR1|TSRI,protein-coding,ACVR1
90161,HS6ST2,RP3-435D1.3,-,protein-coding,HS6ST2
9032,TM4SF5,-,-,protein-coding,TM4SF5
9076,CLDN1,UNQ481/PRO944,CLD1|ILVASC|SEMP1,protein-coding,CLDN1
9112,MTA1,-,-,protein-coding,MTA1
9113,LATS1,-,WARTS|wts,protein-coding,LATS1
91862,MARVELD3,-,MARVD3|MRVLDC3,protein-coding,MARVELD3
92140,MTDH,-,3D3|AEG-1|AEG1|LYRIC|LYRIC/3D3,protein-coding,MTDH
9241,NOG,-,SYM1|SYNS1,protein-coding,NOG
9314,KLF4,RP11-150J11.1,EZF|GKLF,protein-coding,KLF4
9365,KL,-,-,protein-coding,KL
9372,ZFYVE9,-,MADHIP|NSP|SARA|SMADIP,protein-coding,ZFYVE9
94025,MUC16,-,CA125,protein-coding,MUC16
94234,FOXQ1,-,HFH1,protein-coding,FOXQ1
9475,ROCK2,-,ROCK-II,protein-coding,ROCK2
9500,MAGED1,PRO2292,DLXIN-1|NRAGE,protein-coding,MAGED1
960,CD44,AL133330.1,CDW44|CSPG8|ECMR-III|HCELL|HUTCH-I|IN|LHR|MC56|MDU2|MDU3|MIC4|Pgp1,protein-coding,CD44
9723,SEMA3E,-,M-SEMAH|M-SemaK|SEMAH|coll-5,protein-coding,SEMA3E
9839,ZEB2,HRIHFB2411,HSPC082|SIP-1|SIP1|SMADIP1|ZFHX1B,protein-coding,ZEB2
9846,GAB2,-,-,protein-coding,GAB2
9953,HS3ST3B1,-,30ST3B1|3OST3B1,protein-coding,HS3ST3B1
999,CDH1,-,Arc-1|CD324|CDHE|ECAD|LCAM|UVO,protein-coding,CDH1
